,Source,Target,Link
0,Frodo,Elrond,Frodo-Elrond
1,Frodo,Gandalf,Frodo-Gandalf
2,Frodo,Saruman,Frodo-Saruman
3,Frodo,Theoden,Frodo-Theoden
4,Frodo,Sauron,Frodo-Sauron
5,Frodo,Bilbo,Frodo-Bilbo
6,Frodo,Celeborn,Frodo-Celeborn
7,Frodo,Faramir,Frodo-Faramir
8,Frodo,Galadriel,Frodo-Galadriel
9,Frodo,Sam,Frodo-Sam
10,Frodo,Gollum,Frodo-Gollum
11,Frodo,Melilot Brandybuck,Frodo-Melilot Brandybuck
12,Frodo,Noakes,Frodo-Noakes
13,Frodo,Odo Proudfoot,Frodo-Odo Proudfoot
14,Frodo,Sancho Proudfoot,Frodo-Sancho Proudfoot
15,Frodo,Everard Took,Frodo-Everard Took
16,Frodo,Daddy Twofoot,Frodo-Daddy Twofoot
17,Frodo,Folco Boffin,Frodo-Folco Boffin
18,Frodo,Fredegar Bolger,Frodo-Fredegar Bolger
19,Frodo,Ted Sandyman,Frodo-Ted Sandyman
20,Frodo,Peregrin Took,Frodo-Peregrin Took
21,Frodo,Gildor Inglorion,Frodo-Gildor Inglorion
22,Frodo,Maggot,Frodo-Maggot
23,Frodo,Tom Bombadil,Frodo-Tom Bombadil
24,Frodo,Goldberry,Frodo-Goldberry
25,Frodo,Willow,Frodo-Willow
26,Frodo,Bob,Frodo-Bob
27,Frodo,Barliman Butterbur,Frodo-Barliman Butterbur
28,Frodo,Nob,Frodo-Nob
29,Frodo,Will Whitfoot,Frodo-Will Whitfoot
30,Frodo,Bill Ferny,Frodo-Bill Ferny
31,Frodo,Glorfindel,Frodo-Glorfindel
32,Frodo,Beorn,Frodo-Beorn
33,Frodo,Dain,Frodo-Dain
34,Frodo,Elladan and Elrohir,Frodo-Elladan and Elrohir
35,Frodo,Grimbeorn,Frodo-Grimbeorn
36,Frodo,Lindir,Frodo-Lindir
37,Frodo,Boromir,Frodo-Boromir
38,Frodo,Cirdan,Frodo-Cirdan
39,Frodo,Denethor,Frodo-Denethor
40,Frodo,Erestor,Frodo-Erestor
41,Frodo,Galdor,Frodo-Galdor
42,Frodo,Gimli,Frodo-Gimli
43,Frodo,Gwaihir,Frodo-Gwaihir
44,Frodo,Hurin,Frodo-Hurin
45,Frodo,Legolas,Frodo-Legolas
46,Frodo,Radagast,Frodo-Radagast
47,Frodo,Thranduil,Frodo-Thranduil
48,Frodo,nan,Frodo-nan
49,Frodo,Watcher in the Water,Frodo-Watcher in the Water
50,Frodo,Haldir,Frodo-Haldir
51,Frodo,Orophin,Frodo-Orophin
52,Frodo,Rumil,Frodo-Rumil
53,Frodo,Eomer,Frodo-Eomer
54,Frodo,Hasufel,Frodo-Hasufel
55,Frodo,Grishnakh,Frodo-Grishnakh
56,Frodo,Lugdush,Frodo-Lugdush
57,Frodo,Mauhur,Frodo-Mauhur
58,Frodo,Snaga,Frodo-Snaga
59,Frodo,Ugluk,Frodo-Ugluk
60,Frodo,Bregalad,Frodo-Bregalad
61,Frodo,Fimbrethil,Frodo-Fimbrethil
62,Frodo,Finglas,Frodo-Finglas
63,Frodo,Fladrif,Frodo-Fladrif
64,Frodo,Treebeard,Frodo-Treebeard
65,Frodo,Beechbone,Frodo-Beechbone
66,Frodo,Damrod,Frodo-Damrod
67,Frodo,Mablung,Frodo-Mablung
68,Frodo,Shelob,Frodo-Shelob
69,Frodo,Gorbag,Frodo-Gorbag
70,Frodo,Shagrat,Frodo-Shagrat
71,Frodo,Ufthak,Frodo-Ufthak
72,Frodo,Baranor,Frodo-Baranor
73,Frodo,Beregond,Frodo-Beregond
74,Frodo,Bergil,Frodo-Bergil
75,Frodo,Derufin,Frodo-Derufin
76,Frodo,Dervorin,Frodo-Dervorin
77,Frodo,Duilin,Frodo-Duilin
78,Frodo,Duinhir,Frodo-Duinhir
79,Frodo,Forlong,Frodo-Forlong
80,Frodo,Golasgil,Frodo-Golasgil
81,Frodo,Hirluin,Frodo-Hirluin
82,Frodo,Imrahil,Frodo-Imrahil
83,Frodo,Ingold,Frodo-Ingold
84,Frodo,Targon,Frodo-Targon
85,Frodo,Dunhere,Frodo-Dunhere
86,Frodo,Windfola,Frodo-Windfola
87,Frodo,Mouth of Sauron,Frodo-Mouth of Sauron
88,Frodo,Lagduf,Frodo-Lagduf
89,Frodo,Muzgash,Frodo-Muzgash
90,Frodo,Radbug,Frodo-Radbug
91,Frodo,Rosie Cotton,Frodo-Rosie Cotton
92,Frodo,Landroval,Frodo-Landroval
93,Frodo,Meneldor,Frodo-Meneldor
94,Frodo,Ioreth,Frodo-Ioreth
95,Frodo,Willie Banks,Frodo-Willie Banks
96,Frodo,Mat Heathertoes,Frodo-Mat Heathertoes
97,Frodo,Hob Hayward,Frodo-Hob Hayward
98,Frodo,Robin Smallburrow,Frodo-Robin Smallburrow
99,Frodo,Widow Rumble,Frodo-Widow Rumble
100,Elrond,Gandalf,Elrond-Gandalf
101,Elrond,Saruman,Elrond-Saruman
102,Elrond,Theoden,Elrond-Theoden
103,Elrond,Sauron,Elrond-Sauron
104,Elrond,Faramir,Elrond-Faramir
105,Elrond,Galadriel,Elrond-Galadriel
106,Elrond,Sam,Elrond-Sam
107,Elrond,Gollum,Elrond-Gollum
108,Elrond,Gildor Inglorion,Elrond-Gildor Inglorion
109,Elrond,Bill Ferny,Elrond-Bill Ferny
110,Elrond,Glorfindel,Elrond-Glorfindel
111,Elrond,Grimbeorn,Elrond-Grimbeorn
112,Elrond,Lindir,Elrond-Lindir
113,Elrond,Erestor,Elrond-Erestor
114,Elrond,Galdor,Elrond-Galdor
115,Elrond,Gimli,Elrond-Gimli
116,Elrond,Gwaihir,Elrond-Gwaihir
117,Elrond,Hurin,Elrond-Hurin
118,Elrond,Legolas,Elrond-Legolas
119,Elrond,Radagast,Elrond-Radagast
120,Elrond,Thranduil,Elrond-Thranduil
121,Elrond,Haldir,Elrond-Haldir
122,Elrond,Orophin,Elrond-Orophin
123,Elrond,Rumil,Elrond-Rumil
124,Elrond,Eomer,Elrond-Eomer
125,Elrond,Hasufel,Elrond-Hasufel
126,Elrond,Grishnakh,Elrond-Grishnakh
127,Elrond,Lugdush,Elrond-Lugdush
128,Elrond,Mauhur,Elrond-Mauhur
129,Elrond,Snaga,Elrond-Snaga
130,Elrond,Ugluk,Elrond-Ugluk
131,Elrond,Fimbrethil,Elrond-Fimbrethil
132,Elrond,Finglas,Elrond-Finglas
133,Elrond,Fladrif,Elrond-Fladrif
134,Elrond,Treebeard,Elrond-Treebeard
135,Elrond,Mablung,Elrond-Mablung
136,Elrond,Gorbag,Elrond-Gorbag
137,Elrond,Shagrat,Elrond-Shagrat
138,Elrond,Ufthak,Elrond-Ufthak
139,Elrond,Halbarad,Elrond-Halbarad
140,Elrond,The King of the Dead,Elrond-The King of the Dead
141,Elrond,Fastred,Elrond-Fastred
142,Elrond,Gothmog,Elrond-Gothmog
143,Elrond,Harding,Elrond-Harding
144,Elrond,Herefara,Elrond-Herefara
145,Elrond,Herubrand,Elrond-Herubrand
146,Elrond,Windfola,Elrond-Windfola
147,Elrond,Ioreth,Elrond-Ioreth
148,Elrond,Mouth of Sauron,Elrond-Mouth of Sauron
149,Elrond,Landroval,Elrond-Landroval
150,Elrond,Meneldor,Elrond-Meneldor
151,Elrond,Will Whitfoot,Elrond-Will Whitfoot
152,Elrond,Widow Rumble,Elrond-Widow Rumble
153,Gandalf,Saruman,Gandalf-Saruman
154,Gandalf,Theoden,Gandalf-Theoden
155,Gandalf,Sauron,Gandalf-Sauron
156,Gandalf,Gollum,Gandalf-Gollum
157,Gandalf,Noakes,Gandalf-Noakes
158,Gandalf,Odo Proudfoot,Gandalf-Odo Proudfoot
159,Gandalf,Sancho Proudfoot,Gandalf-Sancho Proudfoot
160,Gandalf,Everard Took,Gandalf-Everard Took
161,Gandalf,Daddy Twofoot,Gandalf-Daddy Twofoot
162,Gandalf,Ted Sandyman,Gandalf-Ted Sandyman
163,Gandalf,Peregrin Took,Gandalf-Peregrin Took
164,Gandalf,Gildor Inglorion,Gandalf-Gildor Inglorion
165,Gandalf,Maggot,Gandalf-Maggot
166,Gandalf,Goldberry,Gandalf-Goldberry
167,Gandalf,Willow,Gandalf-Willow
168,Gandalf,Nob,Gandalf-Nob
169,Gandalf,Will Whitfoot,Gandalf-Will Whitfoot
170,Gandalf,Glorfindel,Gandalf-Glorfindel
171,Gandalf,Grimbeorn,Gandalf-Grimbeorn
172,Gandalf,Lindir,Gandalf-Lindir
173,Gandalf,Gimli,Gandalf-Gimli
174,Gandalf,Gwaihir,Gandalf-Gwaihir
175,Gandalf,Hurin,Gandalf-Hurin
176,Gandalf,Legolas,Gandalf-Legolas
177,Gandalf,Radagast,Gandalf-Radagast
178,Gandalf,Thranduil,Gandalf-Thranduil
179,Gandalf,Watcher in the Water,Gandalf-Watcher in the Water
180,Gandalf,Haldir,Gandalf-Haldir
181,Gandalf,Orophin,Gandalf-Orophin
182,Gandalf,Rumil,Gandalf-Rumil
183,Gandalf,Hasufel,Gandalf-Hasufel
184,Gandalf,Grishnakh,Gandalf-Grishnakh
185,Gandalf,Lugdush,Gandalf-Lugdush
186,Gandalf,Mauhur,Gandalf-Mauhur
187,Gandalf,Snaga,Gandalf-Snaga
188,Gandalf,Ugluk,Gandalf-Ugluk
189,Gandalf,Treebeard,Gandalf-Treebeard
190,Gandalf,Hama,Gandalf-Hama
191,Gandalf,Theodred,Gandalf-Theodred
192,Gandalf,Grimbold,Gandalf-Grimbold
193,Gandalf,Gorbag,Gandalf-Gorbag
194,Gandalf,Shagrat,Gandalf-Shagrat
195,Gandalf,Ufthak,Gandalf-Ufthak
196,Gandalf,Golasgil,Gandalf-Golasgil
197,Gandalf,Hirluin,Gandalf-Hirluin
198,Gandalf,Imrahil,Gandalf-Imrahil
199,Gandalf,Ingold,Gandalf-Ingold
200,Gandalf,Targon,Gandalf-Targon
201,Gandalf,Halbarad,Gandalf-Halbarad
202,Gandalf,The King of the Dead,Gandalf-The King of the Dead
203,Gandalf,Windfola,Gandalf-Windfola
204,Gandalf,Gothmog,Gandalf-Gothmog
205,Gandalf,Harding,Gandalf-Harding
206,Gandalf,Herefara,Gandalf-Herefara
207,Gandalf,Herubrand,Gandalf-Herubrand
208,Gandalf,Ioreth,Gandalf-Ioreth
209,Gandalf,Mouth of Sauron,Gandalf-Mouth of Sauron
210,Gandalf,Landroval,Gandalf-Landroval
211,Gandalf,Meneldor,Gandalf-Meneldor
212,Gandalf,Mat Heathertoes,Gandalf-Mat Heathertoes
213,Gandalf,Hob Hayward,Gandalf-Hob Hayward
214,Gandalf,Robin Smallburrow,Gandalf-Robin Smallburrow
215,Gandalf,Widow Rumble,Gandalf-Widow Rumble
216,Saruman,Theoden,Saruman-Theoden
217,Saruman,Sauron,Saruman-Sauron
218,Saruman,Peregrin Took,Saruman-Peregrin Took
219,Saruman,Thranduil,Saruman-Thranduil
220,Saruman,Snaga,Saruman-Snaga
221,Saruman,Ugluk,Saruman-Ugluk
222,Saruman,Treebeard,Saruman-Treebeard
223,Saruman,Theodred,Saruman-Theodred
224,Saruman,Targon,Saruman-Targon
225,Saruman,The King of the Dead,Saruman-The King of the Dead
226,Saruman,Windfola,Saruman-Windfola
227,Saruman,Robin Smallburrow,Saruman-Robin Smallburrow
228,Saruman,Will Whitfoot,Saruman-Will Whitfoot
229,Theoden,Sauron,Theoden-Sauron
230,Theoden,Theodred,Theoden-Theodred
231,Theoden,Windfola,Theoden-Windfola
232,Theoden,Widfara,Theoden-Widfara
233,Sauron,Aragorn,Sauron-Aragorn
234,Sauron,Arwen,Sauron-Arwen
235,Sauron,Bilbo,Sauron-Bilbo
236,Sauron,Celeborn,Sauron-Celeborn
237,Sauron,Faramir,Sauron-Faramir
238,Sauron,Galadriel,Sauron-Galadriel
239,Sauron,Sam,Sauron-Sam
240,Sauron,Gollum,Sauron-Gollum
241,Sauron,Folco Boffin,Sauron-Folco Boffin
242,Sauron,Fredegar Bolger,Sauron-Fredegar Bolger
243,Sauron,Ted Sandyman,Sauron-Ted Sandyman
244,Sauron,Peregrin Took,Sauron-Peregrin Took
245,Sauron,Bob,Sauron-Bob
246,Sauron,Tom Bombadil,Sauron-Tom Bombadil
247,Sauron,Bill Ferny,Sauron-Bill Ferny
248,Sauron,Nob,Sauron-Nob
249,Sauron,Asfaloth,Sauron-Asfaloth
250,Sauron,Glorfindel,Sauron-Glorfindel
251,Sauron,Boromir,Sauron-Boromir
252,Sauron,Cirdan,Sauron-Cirdan
253,Sauron,Denethor,Sauron-Denethor
254,Sauron,Dain,Sauron-Dain
255,Sauron,Erestor,Sauron-Erestor
256,Sauron,Galdor,Sauron-Galdor
257,Sauron,Gimli,Sauron-Gimli
258,Sauron,Gwaihir,Sauron-Gwaihir
259,Sauron,Hurin,Sauron-Hurin
260,Sauron,Legolas,Sauron-Legolas
261,Sauron,Radagast,Sauron-Radagast
262,Sauron,Thranduil,Sauron-Thranduil
263,Sauron,Elladan and Elrohir,Sauron-Elladan and Elrohir
264,Sauron,nan,Sauron-nan
265,Sauron,Haldir,Sauron-Haldir
266,Sauron,Orophin,Sauron-Orophin
267,Sauron,Rumil,Sauron-Rumil
268,Sauron,Beorn,Sauron-Beorn
269,Sauron,Arod,Sauron-Arod
270,Sauron,Eomer,Sauron-Eomer
271,Sauron,Hasufel,Sauron-Hasufel
272,Sauron,Meriadoc Brandybuck,Sauron-Meriadoc Brandybuck
273,Sauron,Bregalad,Sauron-Bregalad
274,Sauron,Fimbrethil,Sauron-Fimbrethil
275,Sauron,Finglas,Sauron-Finglas
276,Sauron,Fladrif,Sauron-Fladrif
277,Sauron,Treebeard,Sauron-Treebeard
278,Sauron,Ugluk,Sauron-Ugluk
279,Sauron,Elfhelm,Sauron-Elfhelm
280,Sauron,Erkenbrand,Sauron-Erkenbrand
281,Sauron,Gamling,Sauron-Gamling
282,Sauron,Grimbold,Sauron-Grimbold
283,Sauron,Hama,Sauron-Hama
284,Sauron,Theodred,Sauron-Theodred
285,Sauron,Damrod,Sauron-Damrod
286,Sauron,Mablung,Sauron-Mablung
287,Sauron,Shelob,Sauron-Shelob
288,Sauron,Gorbag,Sauron-Gorbag
289,Sauron,Shagrat,Sauron-Shagrat
290,Sauron,Ufthak,Sauron-Ufthak
291,Sauron,Eowyn,Sauron-Eowyn
292,Sauron,Halbarad,Sauron-Halbarad
293,Sauron,The King of the Dead,Sauron-The King of the Dead
294,Sauron,Beregond,Sauron-Beregond
295,Sauron,Imrahil,Sauron-Imrahil
296,Sauron,Ingold,Sauron-Ingold
297,Sauron,Angbor,Sauron-Angbor
298,Sauron,Bergil,Sauron-Bergil
299,Sauron,Mouth of Sauron,Sauron-Mouth of Sauron
300,Bilbo,Aragorn,Bilbo-Aragorn
301,Bilbo,Arwen,Bilbo-Arwen
302,Bilbo,Celeborn,Bilbo-Celeborn
303,Bilbo,Faramir,Bilbo-Faramir
304,Bilbo,Galadriel,Bilbo-Galadriel
305,Bilbo,Sam,Bilbo-Sam
306,Bilbo,Gollum,Bilbo-Gollum
307,Bilbo,Melilot Brandybuck,Bilbo-Melilot Brandybuck
308,Bilbo,Noakes,Bilbo-Noakes
309,Bilbo,Odo Proudfoot,Bilbo-Odo Proudfoot
310,Bilbo,Sancho Proudfoot,Bilbo-Sancho Proudfoot
311,Bilbo,Everard Took,Bilbo-Everard Took
312,Bilbo,Daddy Twofoot,Bilbo-Daddy Twofoot
313,Bilbo,Folco Boffin,Bilbo-Folco Boffin
314,Bilbo,Fredegar Bolger,Bilbo-Fredegar Bolger
315,Bilbo,Ted Sandyman,Bilbo-Ted Sandyman
316,Bilbo,Peregrin Took,Bilbo-Peregrin Took
317,Bilbo,Gildor Inglorion,Bilbo-Gildor Inglorion
318,Bilbo,Maggot,Bilbo-Maggot
319,Bilbo,Willow,Bilbo-Willow
320,Bilbo,Bob,Bilbo-Bob
321,Bilbo,Barliman Butterbur,Bilbo-Barliman Butterbur
322,Bilbo,Nob,Bilbo-Nob
323,Bilbo,Will Whitfoot,Bilbo-Will Whitfoot
324,Bilbo,Bill Ferny,Bilbo-Bill Ferny
325,Bilbo,Glorfindel,Bilbo-Glorfindel
326,Bilbo,Dain,Bilbo-Dain
327,Bilbo,Elladan and Elrohir,Bilbo-Elladan and Elrohir
328,Bilbo,Grimbeorn,Bilbo-Grimbeorn
329,Bilbo,Lindir,Bilbo-Lindir
330,Bilbo,Boromir,Bilbo-Boromir
331,Bilbo,Cirdan,Bilbo-Cirdan
332,Bilbo,Denethor,Bilbo-Denethor
333,Bilbo,Erestor,Bilbo-Erestor
334,Bilbo,Galdor,Bilbo-Galdor
335,Bilbo,Gimli,Bilbo-Gimli
336,Bilbo,Gwaihir,Bilbo-Gwaihir
337,Bilbo,Hurin,Bilbo-Hurin
338,Bilbo,Legolas,Bilbo-Legolas
339,Bilbo,Radagast,Bilbo-Radagast
340,Bilbo,Thranduil,Bilbo-Thranduil
341,Bilbo,nan,Bilbo-nan
342,Bilbo,Watcher in the Water,Bilbo-Watcher in the Water
343,Bilbo,Haldir,Bilbo-Haldir
344,Bilbo,Orophin,Bilbo-Orophin
345,Bilbo,Rumil,Bilbo-Rumil
346,Bilbo,Grishnakh,Bilbo-Grishnakh
347,Bilbo,Lugdush,Bilbo-Lugdush
348,Bilbo,Mauhur,Bilbo-Mauhur
349,Bilbo,Snaga,Bilbo-Snaga
350,Bilbo,Ugluk,Bilbo-Ugluk
351,Bilbo,Bregalad,Bilbo-Bregalad
352,Bilbo,Fimbrethil,Bilbo-Fimbrethil
353,Bilbo,Finglas,Bilbo-Finglas
354,Bilbo,Fladrif,Bilbo-Fladrif
355,Bilbo,Treebeard,Bilbo-Treebeard
356,Bilbo,Gorbag,Bilbo-Gorbag
357,Bilbo,Shagrat,Bilbo-Shagrat
358,Bilbo,Ufthak,Bilbo-Ufthak
359,Bilbo,Mouth of Sauron,Bilbo-Mouth of Sauron
360,Bilbo,Lagduf,Bilbo-Lagduf
361,Bilbo,Muzgash,Bilbo-Muzgash
362,Bilbo,Radbug,Bilbo-Radbug
363,Bilbo,Landroval,Bilbo-Landroval
364,Bilbo,Meneldor,Bilbo-Meneldor
365,Bilbo,Ioreth,Bilbo-Ioreth
366,Bilbo,Hob Hayward,Bilbo-Hob Hayward
367,Bilbo,Robin Smallburrow,Bilbo-Robin Smallburrow
368,Bilbo,Widow Rumble,Bilbo-Widow Rumble
369,Meriadoc Brandybuck,Meriadoc Brandybuck,Meriadoc Brandybuck-Meriadoc Brandybuck
370,Meriadoc Brandybuck,Bregalad,Meriadoc Brandybuck-Bregalad
371,Meriadoc Brandybuck,Fimbrethil,Meriadoc Brandybuck-Fimbrethil
372,Meriadoc Brandybuck,Finglas,Meriadoc Brandybuck-Finglas
373,Meriadoc Brandybuck,Fladrif,Meriadoc Brandybuck-Fladrif
374,Meriadoc Brandybuck,Treebeard,Meriadoc Brandybuck-Treebeard
375,Meriadoc Brandybuck,Ugluk,Meriadoc Brandybuck-Ugluk
376,Aragorn,Arwen,Aragorn-Arwen
377,Aragorn,Celeborn,Aragorn-Celeborn
378,Aragorn,Faramir,Aragorn-Faramir
379,Aragorn,Galadriel,Aragorn-Galadriel
380,Aragorn,Sam,Aragorn-Sam
381,Aragorn,Gollum,Aragorn-Gollum
382,Aragorn,Folco Boffin,Aragorn-Folco Boffin
383,Aragorn,Fredegar Bolger,Aragorn-Fredegar Bolger
384,Aragorn,Ted Sandyman,Aragorn-Ted Sandyman
385,Aragorn,Peregrin Took,Aragorn-Peregrin Took
386,Aragorn,Bill Ferny,Aragorn-Bill Ferny
387,Aragorn,Asfaloth,Aragorn-Asfaloth
388,Aragorn,Glorfindel,Aragorn-Glorfindel
389,Aragorn,Beorn,Aragorn-Beorn
390,Aragorn,Dain,Aragorn-Dain
391,Aragorn,Elladan and Elrohir,Aragorn-Elladan and Elrohir
392,Aragorn,Grimbeorn,Aragorn-Grimbeorn
393,Aragorn,Lindir,Aragorn-Lindir
394,Aragorn,Boromir,Aragorn-Boromir
395,Aragorn,Cirdan,Aragorn-Cirdan
396,Aragorn,Denethor,Aragorn-Denethor
397,Aragorn,Erestor,Aragorn-Erestor
398,Aragorn,Galdor,Aragorn-Galdor
399,Aragorn,Gimli,Aragorn-Gimli
400,Aragorn,Gwaihir,Aragorn-Gwaihir
401,Aragorn,Hurin,Aragorn-Hurin
402,Aragorn,Legolas,Aragorn-Legolas
403,Aragorn,Radagast,Aragorn-Radagast
404,Aragorn,Thranduil,Aragorn-Thranduil
405,Aragorn,nan,Aragorn-nan
406,Aragorn,Watcher in the Water,Aragorn-Watcher in the Water
407,Aragorn,Haldir,Aragorn-Haldir
408,Aragorn,Orophin,Aragorn-Orophin
409,Aragorn,Rumil,Aragorn-Rumil
410,Aragorn,Arod,Aragorn-Arod
411,Aragorn,Eomer,Aragorn-Eomer
412,Aragorn,Hasufel,Aragorn-Hasufel
413,Aragorn,Eowyn,Aragorn-Eowyn
414,Aragorn,Firefoot,Aragorn-Firefoot
415,Aragorn,Hama,Aragorn-Hama
416,Aragorn,Theodred,Aragorn-Theodred
417,Aragorn,Ceorl,Aragorn-Ceorl
418,Aragorn,Erkenbrand,Aragorn-Erkenbrand
419,Aragorn,Gamling,Aragorn-Gamling
420,Aragorn,Elfhelm,Aragorn-Elfhelm
421,Aragorn,Grimbold,Aragorn-Grimbold
422,Aragorn,Beechbone,Aragorn-Beechbone
423,Aragorn,Damrod,Aragorn-Damrod
424,Aragorn,Mablung,Aragorn-Mablung
425,Aragorn,Baranor,Aragorn-Baranor
426,Aragorn,Beregond,Aragorn-Beregond
427,Aragorn,Bergil,Aragorn-Bergil
428,Aragorn,Derufin,Aragorn-Derufin
429,Aragorn,Dervorin,Aragorn-Dervorin
430,Aragorn,Duilin,Aragorn-Duilin
431,Aragorn,Duinhir,Aragorn-Duinhir
432,Aragorn,Forlong,Aragorn-Forlong
433,Aragorn,Golasgil,Aragorn-Golasgil
434,Aragorn,Hirluin,Aragorn-Hirluin
435,Aragorn,Imrahil,Aragorn-Imrahil
436,Aragorn,Ingold,Aragorn-Ingold
437,Aragorn,Targon,Aragorn-Targon
438,Aragorn,Halbarad,Aragorn-Halbarad
439,Aragorn,The King of the Dead,Aragorn-The King of the Dead
440,Aragorn,Dunhere,Aragorn-Dunhere
441,Aragorn,Windfola,Aragorn-Windfola
442,Aragorn,Fastred,Aragorn-Fastred
443,Aragorn,Gothmog,Aragorn-Gothmog
444,Aragorn,Harding,Aragorn-Harding
445,Aragorn,Herefara,Aragorn-Herefara
446,Aragorn,Herubrand,Aragorn-Herubrand
447,Aragorn,Ioreth,Aragorn-Ioreth
448,Aragorn,Mouth of Sauron,Aragorn-Mouth of Sauron
449,Aragorn,Lagduf,Aragorn-Lagduf
450,Aragorn,Muzgash,Aragorn-Muzgash
451,Aragorn,Radbug,Aragorn-Radbug
452,Aragorn,Landroval,Aragorn-Landroval
453,Aragorn,Meneldor,Aragorn-Meneldor
454,Arwen,Celeborn,Arwen-Celeborn
455,Arwen,Faramir,Arwen-Faramir
456,Arwen,Galadriel,Arwen-Galadriel
457,Arwen,Sam,Arwen-Sam
458,Arwen,Gollum,Arwen-Gollum
459,Arwen,Beorn,Arwen-Beorn
460,Arwen,Dain,Arwen-Dain
461,Arwen,Elladan and Elrohir,Arwen-Elladan and Elrohir
462,Arwen,Grimbeorn,Arwen-Grimbeorn
463,Arwen,Lindir,Arwen-Lindir
464,Arwen,Haldir,Arwen-Haldir
465,Arwen,Orophin,Arwen-Orophin
466,Arwen,Rumil,Arwen-Rumil
467,Arwen,Fastred,Arwen-Fastred
468,Arwen,Gothmog,Arwen-Gothmog
469,Arwen,Harding,Arwen-Harding
470,Arwen,Herefara,Arwen-Herefara
471,Arwen,Herubrand,Arwen-Herubrand
472,Arwen,Windfola,Arwen-Windfola
473,Arwen,Ioreth,Arwen-Ioreth
474,Celeborn,Faramir,Celeborn-Faramir
475,Celeborn,Galadriel,Celeborn-Galadriel
476,Celeborn,Sam,Celeborn-Sam
477,Celeborn,Gollum,Celeborn-Gollum
478,Celeborn,Eomer,Celeborn-Eomer
479,Celeborn,Hasufel,Celeborn-Hasufel
480,Celeborn,Fimbrethil,Celeborn-Fimbrethil
481,Celeborn,Finglas,Celeborn-Finglas
482,Celeborn,Fladrif,Celeborn-Fladrif
483,Celeborn,Treebeard,Celeborn-Treebeard
484,Celeborn,Ugluk,Celeborn-Ugluk
485,Celeborn,Ioreth,Celeborn-Ioreth
486,Faramir,Galadriel,Faramir-Galadriel
487,Faramir,Sam,Faramir-Sam
488,Faramir,Gollum,Faramir-Gollum
489,Faramir,Mablung,Faramir-Mablung
490,Faramir,Shelob,Faramir-Shelob
491,Faramir,Gorbag,Faramir-Gorbag
492,Faramir,Shagrat,Faramir-Shagrat
493,Faramir,Ufthak,Faramir-Ufthak
494,Faramir,Forlong,Faramir-Forlong
495,Faramir,Golasgil,Faramir-Golasgil
496,Faramir,Hirluin,Faramir-Hirluin
497,Faramir,Imrahil,Faramir-Imrahil
498,Faramir,Ingold,Faramir-Ingold
499,Faramir,Targon,Faramir-Targon
500,Faramir,Ioreth,Faramir-Ioreth
501,Faramir,Mouth of Sauron,Faramir-Mouth of Sauron
502,Faramir,Lagduf,Faramir-Lagduf
503,Faramir,Muzgash,Faramir-Muzgash
504,Faramir,Radbug,Faramir-Radbug
505,Galadriel,Sam,Galadriel-Sam
506,Galadriel,Gollum,Galadriel-Gollum
507,Galadriel,Hasufel,Galadriel-Hasufel
508,Galadriel,Treebeard,Galadriel-Treebeard
509,Galadriel,Ugluk,Galadriel-Ugluk
510,Galadriel,Hama,Galadriel-Hama
511,Galadriel,Theodred,Galadriel-Theodred
512,Galadriel,Grimbold,Galadriel-Grimbold
513,Galadriel,Shelob,Galadriel-Shelob
514,Galadriel,Gorbag,Galadriel-Gorbag
515,Galadriel,Shagrat,Galadriel-Shagrat
516,Galadriel,Ufthak,Galadriel-Ufthak
517,Galadriel,Halbarad,Galadriel-Halbarad
518,Galadriel,The King of the Dead,Galadriel-The King of the Dead
519,Galadriel,Ioreth,Galadriel-Ioreth
520,Galadriel,Lagduf,Galadriel-Lagduf
521,Galadriel,Muzgash,Galadriel-Muzgash
522,Galadriel,Radbug,Galadriel-Radbug
523,Galadriel,Landroval,Galadriel-Landroval
524,Galadriel,Meneldor,Galadriel-Meneldor
525,Galadriel,Will Whitfoot,Galadriel-Will Whitfoot
526,Galadriel,Widow Rumble,Galadriel-Widow Rumble
527,Sam,Gollum,Sam-Gollum
528,Sam,Noakes,Sam-Noakes
529,Sam,Odo Proudfoot,Sam-Odo Proudfoot
530,Sam,Sancho Proudfoot,Sam-Sancho Proudfoot
531,Sam,Everard Took,Sam-Everard Took
532,Sam,Daddy Twofoot,Sam-Daddy Twofoot
533,Sam,Ted Sandyman,Sam-Ted Sandyman
534,Sam,Peregrin Took,Sam-Peregrin Took
535,Sam,Gildor Inglorion,Sam-Gildor Inglorion
536,Sam,Maggot,Sam-Maggot
537,Sam,Goldberry,Sam-Goldberry
538,Sam,Willow,Sam-Willow
539,Sam,Nob,Sam-Nob
540,Sam,Will Whitfoot,Sam-Will Whitfoot
541,Sam,Glorfindel,Sam-Glorfindel
542,Sam,Grimbeorn,Sam-Grimbeorn
543,Sam,Lindir,Sam-Lindir
544,Sam,Gimli,Sam-Gimli
545,Sam,Gwaihir,Sam-Gwaihir
546,Sam,Hurin,Sam-Hurin
547,Sam,Legolas,Sam-Legolas
548,Sam,Radagast,Sam-Radagast
549,Sam,Thranduil,Sam-Thranduil
550,Sam,Watcher in the Water,Sam-Watcher in the Water
551,Sam,Haldir,Sam-Haldir
552,Sam,Orophin,Sam-Orophin
553,Sam,Rumil,Sam-Rumil
554,Sam,Hasufel,Sam-Hasufel
555,Sam,Treebeard,Sam-Treebeard
556,Sam,Ugluk,Sam-Ugluk
557,Sam,Mablung,Sam-Mablung
558,Sam,Shelob,Sam-Shelob
559,Sam,Gorbag,Sam-Gorbag
560,Sam,Shagrat,Sam-Shagrat
561,Sam,Ufthak,Sam-Ufthak
562,Sam,Windfola,Sam-Windfola
563,Sam,Mouth of Sauron,Sam-Mouth of Sauron
564,Sam,Lagduf,Sam-Lagduf
565,Sam,Muzgash,Sam-Muzgash
566,Sam,Radbug,Sam-Radbug
567,Sam,Landroval,Sam-Landroval
568,Sam,Meneldor,Sam-Meneldor
569,Sam,Mat Heathertoes,Sam-Mat Heathertoes
570,Sam,Hob Hayward,Sam-Hob Hayward
571,Sam,Robin Smallburrow,Sam-Robin Smallburrow
572,Sam,Widow Rumble,Sam-Widow Rumble
573,Gollum,Noakes,Gollum-Noakes
574,Gollum,Odo Proudfoot,Gollum-Odo Proudfoot
575,Gollum,Sancho Proudfoot,Gollum-Sancho Proudfoot
576,Gollum,Everard Took,Gollum-Everard Took
577,Gollum,Daddy Twofoot,Gollum-Daddy Twofoot
578,Gollum,Ted Sandyman,Gollum-Ted Sandyman
579,Gollum,Peregrin Took,Gollum-Peregrin Took
580,Gollum,Gwaihir,Gollum-Gwaihir
581,Gollum,Hurin,Gollum-Hurin
582,Gollum,Legolas,Gollum-Legolas
583,Gollum,Radagast,Gollum-Radagast
584,Gollum,Thranduil,Gollum-Thranduil
585,Gollum,Grishnakh,Gollum-Grishnakh
586,Gollum,Lugdush,Gollum-Lugdush
587,Gollum,Mauhur,Gollum-Mauhur
588,Gollum,Snaga,Gollum-Snaga
589,Gollum,Ugluk,Gollum-Ugluk
590,Gollum,Mablung,Gollum-Mablung
591,Gollum,Shelob,Gollum-Shelob
592,Gollum,Gorbag,Gollum-Gorbag
593,Gollum,Shagrat,Gollum-Shagrat
594,Gollum,Ufthak,Gollum-Ufthak
595,Gollum,Lagduf,Gollum-Lagduf
596,Gollum,Muzgash,Gollum-Muzgash
597,Gollum,Radbug,Gollum-Radbug
598,Melilot Brandybuck,Noakes,Melilot Brandybuck-Noakes
599,Melilot Brandybuck,Odo Proudfoot,Melilot Brandybuck-Odo Proudfoot
600,Melilot Brandybuck,Sancho Proudfoot,Melilot Brandybuck-Sancho Proudfoot
601,Melilot Brandybuck,Everard Took,Melilot Brandybuck-Everard Took
602,Melilot Brandybuck,Daddy Twofoot,Melilot Brandybuck-Daddy Twofoot
603,Noakes,Odo Proudfoot,Noakes-Odo Proudfoot
604,Noakes,Sancho Proudfoot,Noakes-Sancho Proudfoot
605,Noakes,Everard Took,Noakes-Everard Took
606,Noakes,Daddy Twofoot,Noakes-Daddy Twofoot
607,Odo Proudfoot,Sancho Proudfoot,Odo Proudfoot-Sancho Proudfoot
608,Odo Proudfoot,Everard Took,Odo Proudfoot-Everard Took
609,Odo Proudfoot,Daddy Twofoot,Odo Proudfoot-Daddy Twofoot
610,Sancho Proudfoot,Everard Took,Sancho Proudfoot-Everard Took
611,Sancho Proudfoot,Daddy Twofoot,Sancho Proudfoot-Daddy Twofoot
612,Everard Took,Daddy Twofoot,Everard Took-Daddy Twofoot
613,Folco Boffin,Fredegar Bolger,Folco Boffin-Fredegar Bolger
614,Folco Boffin,Ted Sandyman,Folco Boffin-Ted Sandyman
615,Folco Boffin,Peregrin Took,Folco Boffin-Peregrin Took
616,Folco Boffin,Gildor Inglorion,Folco Boffin-Gildor Inglorion
617,Fredegar Bolger,Ted Sandyman,Fredegar Bolger-Ted Sandyman
618,Fredegar Bolger,Peregrin Took,Fredegar Bolger-Peregrin Took
619,Fredegar Bolger,Gildor Inglorion,Fredegar Bolger-Gildor Inglorion
620,Fredegar Bolger,Will Whitfoot,Fredegar Bolger-Will Whitfoot
621,Fredegar Bolger,Widow Rumble,Fredegar Bolger-Widow Rumble
622,Ted Sandyman,Peregrin Took,Ted Sandyman-Peregrin Took
623,Ted Sandyman,Watcher in the Water,Ted Sandyman-Watcher in the Water
624,Ted Sandyman,Robin Smallburrow,Ted Sandyman-Robin Smallburrow
625,Ted Sandyman,Will Whitfoot,Ted Sandyman-Will Whitfoot
626,Peregrin Took,Treebeard,Peregrin Took-Treebeard
627,Peregrin Took,Ugluk,Peregrin Took-Ugluk
628,Maggot,Tom Bombadil,Maggot-Tom Bombadil
629,Maggot,Goldberry,Maggot-Goldberry
630,Maggot,Willow,Maggot-Willow
631,Maggot,Mauhur,Maggot-Mauhur
632,Maggot,Snaga,Maggot-Snaga
633,Maggot,Ugluk,Maggot-Ugluk
634,Tom Bombadil,Goldberry,Tom Bombadil-Goldberry
635,Tom Bombadil,Willow,Tom Bombadil-Willow
636,Tom Bombadil,Barliman Butterbur,Tom Bombadil-Barliman Butterbur
637,Tom Bombadil,Nob,Tom Bombadil-Nob
638,Tom Bombadil,Will Whitfoot,Tom Bombadil-Will Whitfoot
639,Tom Bombadil,Bill Ferny,Tom Bombadil-Bill Ferny
640,Tom Bombadil,Bregalad,Tom Bombadil-Bregalad
641,Tom Bombadil,Fimbrethil,Tom Bombadil-Fimbrethil
642,Tom Bombadil,Finglas,Tom Bombadil-Finglas
643,Tom Bombadil,Fladrif,Tom Bombadil-Fladrif
644,Tom Bombadil,Treebeard,Tom Bombadil-Treebeard
645,Tom Bombadil,Ugluk,Tom Bombadil-Ugluk
646,Goldberry,Willow,Goldberry-Willow
647,Bob,Barliman Butterbur,Bob-Barliman Butterbur
648,Bob,Nob,Bob-Nob
649,Bob,Will Whitfoot,Bob-Will Whitfoot
650,Bob,Bill Ferny,Bob-Bill Ferny
651,Bob,Mat Heathertoes,Bob-Mat Heathertoes
652,Barliman Butterbur,Nob,Barliman Butterbur-Nob
653,Barliman Butterbur,Will Whitfoot,Barliman Butterbur-Will Whitfoot
654,Nob,Will Whitfoot,Nob-Will Whitfoot
655,Nob,Treebeard,Nob-Treebeard
656,Nob,Ugluk,Nob-Ugluk
657,Nob,Radbug,Nob-Radbug
658,Will Whitfoot,Bill Ferny,Will Whitfoot-Bill Ferny
659,Will Whitfoot,Hob Hayward,Will Whitfoot-Hob Hayward
660,Will Whitfoot,Robin Smallburrow,Will Whitfoot-Robin Smallburrow
661,Will Whitfoot,Widow Rumble,Will Whitfoot-Widow Rumble
662,Bill Ferny,Glorfindel,Bill Ferny-Glorfindel
663,Bill Ferny,Grimbeorn,Bill Ferny-Grimbeorn
664,Bill Ferny,Lindir,Bill Ferny-Lindir
665,Bill Ferny,Mat Heathertoes,Bill Ferny-Mat Heathertoes
666,Bill Ferny,Hob Hayward,Bill Ferny-Hob Hayward
667,Bill Ferny,Robin Smallburrow,Bill Ferny-Robin Smallburrow
668,Asfaloth,Glorfindel,Asfaloth-Glorfindel
669,Glorfindel,Grimbeorn,Glorfindel-Grimbeorn
670,Glorfindel,Lindir,Glorfindel-Lindir
671,Glorfindel,Gwaihir,Glorfindel-Gwaihir
672,Glorfindel,Hurin,Glorfindel-Hurin
673,Glorfindel,Legolas,Glorfindel-Legolas
674,Glorfindel,Radagast,Glorfindel-Radagast
675,Glorfindel,Thranduil,Glorfindel-Thranduil
676,Glorfindel,Ioreth,Glorfindel-Ioreth
677,Beorn,Dain,Beorn-Dain
678,Beorn,Elladan and Elrohir,Beorn-Elladan and Elrohir
679,Beorn,Grimbeorn,Beorn-Grimbeorn
680,Beorn,Lindir,Beorn-Lindir
681,Beorn,Eomer,Beorn-Eomer
682,Beorn,Hasufel,Beorn-Hasufel
683,Dain,Elladan and Elrohir,Dain-Elladan and Elrohir
684,Dain,Grimbeorn,Dain-Grimbeorn
685,Dain,Lindir,Dain-Lindir
686,Dain,Erestor,Dain-Erestor
687,Dain,Galdor,Dain-Galdor
688,Dain,Gimli,Dain-Gimli
689,Dain,Gwaihir,Dain-Gwaihir
690,Dain,Hurin,Dain-Hurin
691,Dain,Legolas,Dain-Legolas
692,Dain,Radagast,Dain-Radagast
693,Dain,Thranduil,Dain-Thranduil
694,Dain,Watcher in the Water,Dain-Watcher in the Water
695,Dain,Haldir,Dain-Haldir
696,Dain,Orophin,Dain-Orophin
697,Dain,Rumil,Dain-Rumil
698,Elladan and Elrohir,Grimbeorn,Elladan and Elrohir-Grimbeorn
699,Elladan and Elrohir,Lindir,Elladan and Elrohir-Lindir
700,Elladan and Elrohir,Halbarad,Elladan and Elrohir-Halbarad
701,Elladan and Elrohir,The King of the Dead,Elladan and Elrohir-The King of the Dead
702,Elladan and Elrohir,Fastred,Elladan and Elrohir-Fastred
703,Elladan and Elrohir,Gothmog,Elladan and Elrohir-Gothmog
704,Elladan and Elrohir,Harding,Elladan and Elrohir-Harding
705,Elladan and Elrohir,Herefara,Elladan and Elrohir-Herefara
706,Elladan and Elrohir,Herubrand,Elladan and Elrohir-Herubrand
707,Elladan and Elrohir,Windfola,Elladan and Elrohir-Windfola
708,Grimbeorn,Lindir,Grimbeorn-Lindir
709,Boromir,Cirdan,Boromir-Cirdan
710,Boromir,Denethor,Boromir-Denethor
711,Boromir,Erestor,Boromir-Erestor
712,Boromir,Galdor,Boromir-Galdor
713,Boromir,Gimli,Boromir-Gimli
714,Boromir,Gwaihir,Boromir-Gwaihir
715,Boromir,Hurin,Boromir-Hurin
716,Boromir,Legolas,Boromir-Legolas
717,Boromir,Radagast,Boromir-Radagast
718,Boromir,Thranduil,Boromir-Thranduil
719,Boromir,nan,Boromir-nan
720,Boromir,Watcher in the Water,Boromir-Watcher in the Water
721,Boromir,Haldir,Boromir-Haldir
722,Boromir,Orophin,Boromir-Orophin
723,Boromir,Rumil,Boromir-Rumil
724,Boromir,Eomer,Boromir-Eomer
725,Boromir,Hasufel,Boromir-Hasufel
726,Boromir,Grishnakh,Boromir-Grishnakh
727,Boromir,Lugdush,Boromir-Lugdush
728,Boromir,Mauhur,Boromir-Mauhur
729,Boromir,Snaga,Boromir-Snaga
730,Boromir,Ugluk,Boromir-Ugluk
731,Boromir,Eowyn,Boromir-Eowyn
732,Boromir,Firefoot,Boromir-Firefoot
733,Boromir,Hama,Boromir-Hama
734,Boromir,Theodred,Boromir-Theodred
735,Boromir,Damrod,Boromir-Damrod
736,Boromir,Mablung,Boromir-Mablung
737,Boromir,Derufin,Boromir-Derufin
738,Boromir,Dervorin,Boromir-Dervorin
739,Boromir,Duilin,Boromir-Duilin
740,Boromir,Duinhir,Boromir-Duinhir
741,Boromir,Forlong,Boromir-Forlong
742,Boromir,Golasgil,Boromir-Golasgil
743,Boromir,Hirluin,Boromir-Hirluin
744,Boromir,Imrahil,Boromir-Imrahil
745,Boromir,Ingold,Boromir-Ingold
746,Boromir,Targon,Boromir-Targon
747,Boromir,Dunhere,Boromir-Dunhere
748,Boromir,Windfola,Boromir-Windfola
749,Cirdan,Denethor,Cirdan-Denethor
750,Cirdan,Erestor,Cirdan-Erestor
751,Cirdan,Galdor,Cirdan-Galdor
752,Cirdan,Gimli,Cirdan-Gimli
753,Cirdan,Gwaihir,Cirdan-Gwaihir
754,Cirdan,Hurin,Cirdan-Hurin
755,Cirdan,Legolas,Cirdan-Legolas
756,Cirdan,Radagast,Cirdan-Radagast
757,Cirdan,Thranduil,Cirdan-Thranduil
758,Denethor,Erestor,Denethor-Erestor
759,Denethor,Galdor,Denethor-Galdor
760,Denethor,Gimli,Denethor-Gimli
761,Denethor,Gwaihir,Denethor-Gwaihir
762,Denethor,Hurin,Denethor-Hurin
763,Denethor,Legolas,Denethor-Legolas
764,Denethor,Radagast,Denethor-Radagast
765,Denethor,Thranduil,Denethor-Thranduil
766,Denethor,Eomer,Denethor-Eomer
767,Denethor,Hasufel,Denethor-Hasufel
768,Denethor,Eowyn,Denethor-Eowyn
769,Denethor,Firefoot,Denethor-Firefoot
770,Denethor,Hama,Denethor-Hama
771,Denethor,Theodred,Denethor-Theodred
772,Denethor,Mablung,Denethor-Mablung
773,Denethor,Derufin,Denethor-Derufin
774,Denethor,Dervorin,Denethor-Dervorin
775,Denethor,Duilin,Denethor-Duilin
776,Denethor,Duinhir,Denethor-Duinhir
777,Denethor,Forlong,Denethor-Forlong
778,Denethor,Golasgil,Denethor-Golasgil
779,Denethor,Hirluin,Denethor-Hirluin
780,Denethor,Imrahil,Denethor-Imrahil
781,Denethor,Ingold,Denethor-Ingold
782,Denethor,Targon,Denethor-Targon
783,Denethor,Dunhere,Denethor-Dunhere
784,Denethor,Windfola,Denethor-Windfola
785,Denethor,Ghan-buri-Ghan,Denethor-Ghan-buri-Ghan
786,Denethor,Widfara,Denethor-Widfara
787,Denethor,Ioreth,Denethor-Ioreth
788,Denethor,Mouth of Sauron,Denethor-Mouth of Sauron
789,Denethor,Lagduf,Denethor-Lagduf
790,Denethor,Muzgash,Denethor-Muzgash
791,Denethor,Radbug,Denethor-Radbug
792,Erestor,Galdor,Erestor-Galdor
793,Erestor,Gimli,Erestor-Gimli
794,Erestor,Gwaihir,Erestor-Gwaihir
795,Erestor,Hurin,Erestor-Hurin
796,Erestor,Legolas,Erestor-Legolas
797,Erestor,Radagast,Erestor-Radagast
798,Erestor,Thranduil,Erestor-Thranduil
799,Erestor,Ioreth,Erestor-Ioreth
800,Galdor,Gimli,Galdor-Gimli
801,Galdor,Gwaihir,Galdor-Gwaihir
802,Galdor,Hurin,Galdor-Hurin
803,Galdor,Legolas,Galdor-Legolas
804,Galdor,Radagast,Galdor-Radagast
805,Galdor,Thranduil,Galdor-Thranduil
806,Gimli,Gwaihir,Gimli-Gwaihir
807,Gimli,Hurin,Gimli-Hurin
808,Gimli,Legolas,Gimli-Legolas
809,Gimli,Radagast,Gimli-Radagast
810,Gimli,Thranduil,Gimli-Thranduil
811,Gimli,Watcher in the Water,Gimli-Watcher in the Water
812,Gimli,Haldir,Gimli-Haldir
813,Gimli,Orophin,Gimli-Orophin
814,Gimli,Rumil,Gimli-Rumil
815,Gimli,Hasufel,Gimli-Hasufel
816,Gimli,Hama,Gimli-Hama
817,Gimli,Theodred,Gimli-Theodred
818,Gimli,Grimbold,Gimli-Grimbold
819,Gimli,Halbarad,Gimli-Halbarad
820,Gimli,The King of the Dead,Gimli-The King of the Dead
821,Gimli,Windfola,Gimli-Windfola
822,Gimli,Gothmog,Gimli-Gothmog
823,Gimli,Harding,Gimli-Harding
824,Gimli,Herefara,Gimli-Herefara
825,Gimli,Herubrand,Gimli-Herubrand
826,Gimli,Mouth of Sauron,Gimli-Mouth of Sauron
827,Gimli,Landroval,Gimli-Landroval
828,Gimli,Meneldor,Gimli-Meneldor
829,Gimli,Ioreth,Gimli-Ioreth
830,Gwaihir,Hurin,Gwaihir-Hurin
831,Gwaihir,Legolas,Gwaihir-Legolas
832,Gwaihir,Radagast,Gwaihir-Radagast
833,Gwaihir,Thranduil,Gwaihir-Thranduil
834,Gwaihir,Landroval,Gwaihir-Landroval
835,Gwaihir,Meneldor,Gwaihir-Meneldor
836,Hurin,Legolas,Hurin-Legolas
837,Hurin,Radagast,Hurin-Radagast
838,Hurin,Thranduil,Hurin-Thranduil
839,Hurin,Windfola,Hurin-Windfola
840,Hurin,Ioreth,Hurin-Ioreth
841,Legolas,Radagast,Legolas-Radagast
842,Legolas,Thranduil,Legolas-Thranduil
843,Legolas,Watcher in the Water,Legolas-Watcher in the Water
844,Legolas,Orophin,Legolas-Orophin
845,Legolas,Rumil,Legolas-Rumil
846,Legolas,Theodred,Legolas-Theodred
847,Legolas,The King of the Dead,Legolas-The King of the Dead
848,Legolas,Windfola,Legolas-Windfola
849,Legolas,Mouth of Sauron,Legolas-Mouth of Sauron
850,Legolas,Meneldor,Legolas-Meneldor
851,Radagast,Thranduil,Radagast-Thranduil
852,Haldir,Orophin,Haldir-Orophin
853,Haldir,Rumil,Haldir-Rumil
854,Orophin,Rumil,Orophin-Rumil
855,Rumil,Rumil,Rumil-Rumil
856,Arod,Eomer,Arod-Eomer
857,Arod,Hasufel,Arod-Hasufel
858,Arod,Eowyn,Arod-Eowyn
859,Arod,Firefoot,Arod-Firefoot
860,Arod,Hama,Arod-Hama
861,Arod,Theodred,Arod-Theodred
862,Arod,Beechbone,Arod-Beechbone
863,Arod,Halbarad,Arod-Halbarad
864,Arod,The King of the Dead,Arod-The King of the Dead
865,Eomer,Hasufel,Eomer-Hasufel
866,Eomer,Grishnakh,Eomer-Grishnakh
867,Eomer,Lugdush,Eomer-Lugdush
868,Eomer,Mauhur,Eomer-Mauhur
869,Eomer,Snaga,Eomer-Snaga
870,Eomer,Ugluk,Eomer-Ugluk
871,Eomer,Eowyn,Eomer-Eowyn
872,Eomer,Firefoot,Eomer-Firefoot
873,Eomer,Hama,Eomer-Hama
874,Eomer,Theodred,Eomer-Theodred
875,Eomer,Erkenbrand,Eomer-Erkenbrand
876,Eomer,Gamling,Eomer-Gamling
877,Eomer,Grimbold,Eomer-Grimbold
878,Eomer,Halbarad,Eomer-Halbarad
879,Eomer,The King of the Dead,Eomer-The King of the Dead
880,Eomer,Windfola,Eomer-Windfola
881,Eomer,Ghan-buri-Ghan,Eomer-Ghan-buri-Ghan
882,Eomer,Widfara,Eomer-Widfara
883,Eomer,Fastred,Eomer-Fastred
884,Eomer,Gothmog,Eomer-Gothmog
885,Eomer,Harding,Eomer-Harding
886,Eomer,Herefara,Eomer-Herefara
887,Eomer,Herubrand,Eomer-Herubrand
888,Eomer,Ioreth,Eomer-Ioreth
889,Eomer,Mouth of Sauron,Eomer-Mouth of Sauron
890,Eomer,Landroval,Eomer-Landroval
891,Eomer,Meneldor,Eomer-Meneldor
892,Hasufel,Hama,Hasufel-Hama
893,Hasufel,Theodred,Hasufel-Theodred
894,Hasufel,The King of the Dead,Hasufel-The King of the Dead
895,Grishnakh,Lugdush,Grishnakh-Lugdush
896,Grishnakh,Mauhur,Grishnakh-Mauhur
897,Grishnakh,Snaga,Grishnakh-Snaga
898,Grishnakh,Ugluk,Grishnakh-Ugluk
899,Lugdush,Mauhur,Lugdush-Mauhur
900,Lugdush,Snaga,Lugdush-Snaga
901,Lugdush,Ugluk,Lugdush-Ugluk
902,Mauhur,Snaga,Mauhur-Snaga
903,Mauhur,Ugluk,Mauhur-Ugluk
904,Snaga,Ugluk,Snaga-Ugluk
905,Ugluk,Bregalad,Ugluk-Bregalad
906,Ugluk,Fimbrethil,Ugluk-Fimbrethil
907,Ugluk,Finglas,Ugluk-Finglas
908,Ugluk,Fladrif,Ugluk-Fladrif
909,Ugluk,Treebeard,Ugluk-Treebeard
910,Bregalad,Fimbrethil,Bregalad-Fimbrethil
911,Bregalad,Finglas,Bregalad-Finglas
912,Bregalad,Fladrif,Bregalad-Fladrif
913,Bregalad,Treebeard,Bregalad-Treebeard
914,Fimbrethil,Finglas,Fimbrethil-Finglas
915,Fimbrethil,Fladrif,Fimbrethil-Fladrif
916,Fimbrethil,Treebeard,Fimbrethil-Treebeard
917,Finglas,Fladrif,Finglas-Fladrif
918,Finglas,Treebeard,Finglas-Treebeard
919,Fladrif,Treebeard,Fladrif-Treebeard
920,Eowyn,Firefoot,Eowyn-Firefoot
921,Eowyn,Hama,Eowyn-Hama
922,Eowyn,Theodred,Eowyn-Theodred
923,Eowyn,Halbarad,Eowyn-Halbarad
924,Eowyn,The King of the Dead,Eowyn-The King of the Dead
925,Eowyn,Windfola,Eowyn-Windfola
926,Eowyn,Fastred,Eowyn-Fastred
927,Eowyn,Gothmog,Eowyn-Gothmog
928,Eowyn,Harding,Eowyn-Harding
929,Eowyn,Herefara,Eowyn-Herefara
930,Eowyn,Herubrand,Eowyn-Herubrand
931,Eowyn,Ioreth,Eowyn-Ioreth
932,Firefoot,Hama,Firefoot-Hama
933,Firefoot,Theodred,Firefoot-Theodred
934,Hama,Theodred,Hama-Theodred
935,Theodred,Ceorl,Theodred-Ceorl
936,Theodred,Erkenbrand,Theodred-Erkenbrand
937,Theodred,Gamling,Theodred-Gamling
938,Ceorl,Erkenbrand,Ceorl-Erkenbrand
939,Ceorl,Gamling,Ceorl-Gamling
940,Erkenbrand,Gamling,Erkenbrand-Gamling
941,Erkenbrand,Grimbold,Erkenbrand-Grimbold
942,Gamling,Grimbold,Gamling-Grimbold
943,Elfhelm,Grimbold,Elfhelm-Grimbold
944,Elfhelm,Ghan-buri-Ghan,Elfhelm-Ghan-buri-Ghan
945,Elfhelm,Widfara,Elfhelm-Widfara
946,Elfhelm,Fastred,Elfhelm-Fastred
947,Elfhelm,Gothmog,Elfhelm-Gothmog
948,Elfhelm,Harding,Elfhelm-Harding
949,Elfhelm,Herefara,Elfhelm-Herefara
950,Elfhelm,Herubrand,Elfhelm-Herubrand
951,Elfhelm,Windfola,Elfhelm-Windfola
952,Elfhelm,Ioreth,Elfhelm-Ioreth
953,Grimbold,Widfara,Grimbold-Widfara
954,Grimbold,Harding,Grimbold-Harding
955,Grimbold,Herefara,Grimbold-Herefara
956,Grimbold,Herubrand,Grimbold-Herubrand
957,Grimbold,Windfola,Grimbold-Windfola
958,Damrod,Mablung,Damrod-Mablung
959,Mablung,Mouth of Sauron,Mablung-Mouth of Sauron
960,Shelob,Ufthak,Shelob-Ufthak
961,Gorbag,Shagrat,Gorbag-Shagrat
962,Gorbag,Ufthak,Gorbag-Ufthak
963,Gorbag,Lagduf,Gorbag-Lagduf
964,Gorbag,Muzgash,Gorbag-Muzgash
965,Gorbag,Radbug,Gorbag-Radbug
966,Shagrat,Ufthak,Shagrat-Ufthak
967,Baranor,Beregond,Baranor-Beregond
968,Baranor,Bergil,Baranor-Bergil
969,Baranor,Derufin,Baranor-Derufin
970,Baranor,Dervorin,Baranor-Dervorin
971,Baranor,Duilin,Baranor-Duilin
972,Baranor,Duinhir,Baranor-Duinhir
973,Baranor,Forlong,Baranor-Forlong
974,Baranor,Golasgil,Baranor-Golasgil
975,Baranor,Hirluin,Baranor-Hirluin
976,Baranor,Imrahil,Baranor-Imrahil
977,Baranor,Ingold,Baranor-Ingold
978,Baranor,Targon,Baranor-Targon
979,Beregond,Bergil,Beregond-Bergil
980,Beregond,Derufin,Beregond-Derufin
981,Beregond,Dervorin,Beregond-Dervorin
982,Beregond,Duilin,Beregond-Duilin
983,Beregond,Duinhir,Beregond-Duinhir
984,Beregond,Forlong,Beregond-Forlong
985,Beregond,Golasgil,Beregond-Golasgil
986,Beregond,Hirluin,Beregond-Hirluin
987,Beregond,Imrahil,Beregond-Imrahil
988,Beregond,Ingold,Beregond-Ingold
989,Beregond,Targon,Beregond-Targon
990,Beregond,Ioreth,Beregond-Ioreth
991,Beregond,Mouth of Sauron,Beregond-Mouth of Sauron
992,Bergil,Derufin,Bergil-Derufin
993,Bergil,Dervorin,Bergil-Dervorin
994,Bergil,Duilin,Bergil-Duilin
995,Bergil,Duinhir,Bergil-Duinhir
996,Bergil,Forlong,Bergil-Forlong
997,Bergil,Golasgil,Bergil-Golasgil
998,Bergil,Hirluin,Bergil-Hirluin
999,Bergil,Imrahil,Bergil-Imrahil
1000,Bergil,Ingold,Bergil-Ingold
1001,Bergil,Targon,Bergil-Targon
1002,Bergil,Ioreth,Bergil-Ioreth
1003,Bergil,Mouth of Sauron,Bergil-Mouth of Sauron
1004,Derufin,Dervorin,Derufin-Dervorin
1005,Derufin,Duilin,Derufin-Duilin
1006,Derufin,Duinhir,Derufin-Duinhir
1007,Derufin,Forlong,Derufin-Forlong
1008,Derufin,Golasgil,Derufin-Golasgil
1009,Derufin,Hirluin,Derufin-Hirluin
1010,Derufin,Imrahil,Derufin-Imrahil
1011,Derufin,Ingold,Derufin-Ingold
1012,Derufin,Targon,Derufin-Targon
1013,Derufin,Fastred,Derufin-Fastred
1014,Derufin,Gothmog,Derufin-Gothmog
1015,Derufin,Harding,Derufin-Harding
1016,Derufin,Herefara,Derufin-Herefara
1017,Derufin,Herubrand,Derufin-Herubrand
1018,Derufin,Windfola,Derufin-Windfola
1019,Dervorin,Duilin,Dervorin-Duilin
1020,Dervorin,Duinhir,Dervorin-Duinhir
1021,Dervorin,Forlong,Dervorin-Forlong
1022,Dervorin,Golasgil,Dervorin-Golasgil
1023,Dervorin,Hirluin,Dervorin-Hirluin
1024,Dervorin,Imrahil,Dervorin-Imrahil
1025,Dervorin,Ingold,Dervorin-Ingold
1026,Dervorin,Targon,Dervorin-Targon
1027,Duilin,Duinhir,Duilin-Duinhir
1028,Duilin,Forlong,Duilin-Forlong
1029,Duilin,Golasgil,Duilin-Golasgil
1030,Duilin,Hirluin,Duilin-Hirluin
1031,Duilin,Imrahil,Duilin-Imrahil
1032,Duilin,Ingold,Duilin-Ingold
1033,Duilin,Targon,Duilin-Targon
1034,Duilin,Fastred,Duilin-Fastred
1035,Duilin,Gothmog,Duilin-Gothmog
1036,Duilin,Harding,Duilin-Harding
1037,Duilin,Herefara,Duilin-Herefara
1038,Duilin,Herubrand,Duilin-Herubrand
1039,Duilin,Windfola,Duilin-Windfola
1040,Duinhir,Forlong,Duinhir-Forlong
1041,Duinhir,Golasgil,Duinhir-Golasgil
1042,Duinhir,Hirluin,Duinhir-Hirluin
1043,Duinhir,Imrahil,Duinhir-Imrahil
1044,Duinhir,Ingold,Duinhir-Ingold
1045,Duinhir,Targon,Duinhir-Targon
1046,Forlong,Golasgil,Forlong-Golasgil
1047,Forlong,Hirluin,Forlong-Hirluin
1048,Forlong,Imrahil,Forlong-Imrahil
1049,Forlong,Ingold,Forlong-Ingold
1050,Forlong,Targon,Forlong-Targon
1051,Forlong,Gothmog,Forlong-Gothmog
1052,Forlong,Harding,Forlong-Harding
1053,Forlong,Herefara,Forlong-Herefara
1054,Forlong,Herubrand,Forlong-Herubrand
1055,Forlong,Windfola,Forlong-Windfola
1056,Golasgil,Hirluin,Golasgil-Hirluin
1057,Golasgil,Imrahil,Golasgil-Imrahil
1058,Golasgil,Ingold,Golasgil-Ingold
1059,Golasgil,Targon,Golasgil-Targon
1060,Hirluin,Imrahil,Hirluin-Imrahil
1061,Hirluin,Ingold,Hirluin-Ingold
1062,Hirluin,Targon,Hirluin-Targon
1063,Hirluin,Windfola,Hirluin-Windfola
1064,Imrahil,Ingold,Imrahil-Ingold
1065,Imrahil,Targon,Imrahil-Targon
1066,Imrahil,Windfola,Imrahil-Windfola
1067,Imrahil,Ioreth,Imrahil-Ioreth
1068,Imrahil,Mouth of Sauron,Imrahil-Mouth of Sauron
1069,Imrahil,Landroval,Imrahil-Landroval
1070,Imrahil,Meneldor,Imrahil-Meneldor
1071,Ingold,Targon,Ingold-Targon
1072,Halbarad,The King of the Dead,Halbarad-The King of the Dead
1073,Halbarad,Harding,Halbarad-Harding
1074,Halbarad,Herefara,Halbarad-Herefara
1075,Halbarad,Herubrand,Halbarad-Herubrand
1076,Halbarad,Windfola,Halbarad-Windfola
1077,Dunhere,Windfola,Dunhere-Windfola
1078,Dunhere,Fastred,Dunhere-Fastred
1079,Dunhere,Gothmog,Dunhere-Gothmog
1080,Dunhere,Harding,Dunhere-Harding
1081,Dunhere,Herefara,Dunhere-Herefara
1082,Dunhere,Herubrand,Dunhere-Herubrand
1083,Windfola,Fastred,Windfola-Fastred
1084,Windfola,Gothmog,Windfola-Gothmog
1085,Windfola,Harding,Windfola-Harding
1086,Windfola,Herefara,Windfola-Herefara
1087,Windfola,Herubrand,Windfola-Herubrand
1088,Ghan-buri-Ghan,Widfara,Ghan-buri-Ghan-Widfara
1089,Fastred,Gothmog,Fastred-Gothmog
1090,Fastred,Harding,Fastred-Harding
1091,Fastred,Herefara,Fastred-Herefara
1092,Fastred,Herubrand,Fastred-Herubrand
1093,Gothmog,Harding,Gothmog-Harding
1094,Gothmog,Herefara,Gothmog-Herefara
1095,Gothmog,Herubrand,Gothmog-Herubrand
1096,Harding,Herefara,Harding-Herefara
1097,Harding,Herubrand,Harding-Herubrand
1098,Herefara,Herubrand,Herefara-Herubrand
1099,Lagduf,Muzgash,Lagduf-Muzgash
1100,Lagduf,Radbug,Lagduf-Radbug
1101,Muzgash,Radbug,Muzgash-Radbug
1102,Landroval,Meneldor,Landroval-Meneldor
1103,Willie Banks,Mat Heathertoes,Willie Banks-Mat Heathertoes
1104,Hob Hayward,Robin Smallburrow,Hob Hayward-Robin Smallburrow
